"","ID","Description","GeneRatio","BgRatio","pvalue","p.adjust","qvalue","geneID","Count"
"GO:0007059","GO:0007059","chromosome segregation","62/387","423/18888",4.96436982293152e-35,1.86709949040455e-31,1.61786199703116e-31,"PTTG1/NDC80/MND1/ASPM/TOP2A/CDCA8/RACGAP1/UBE2C/PRC1/SKA1/SPDL1/DLGAP5/KIF4A/NEK2/TTK/BUB1/SPC25/CDK1/AURKA/CCNB1/KIF18B/ZWINT/CDCA5/NCAPG/CENPW/CCNB2/ITGB3BP/CENPF/CENPE/TRIP13/KIF11/ECT2/NUF2/MKI67/KNL1/KIF23/HJURP/BUB1B/SKA3/NUSAP1/MAD2L1/CENPK/STIL/SGO2/RMI2/NCAPH/KIF18A/CDCA2/KIFC1/KIF2C/SGO1/CDC20/AURKB/CENPH/CDC6/ESCO2/CENPU/CENPI/KNTC1/CCNE2/CCNE1/DPF3",62
"GO:0098813","GO:0098813","nuclear chromosome segregation","52/387","317/18888",7.19866028335379e-32,1.12871884069349e-28,9.78047140538499e-29,"PTTG1/NDC80/MND1/ASPM/TOP2A/CDCA8/RACGAP1/UBE2C/PRC1/SKA1/SPDL1/DLGAP5/KIF4A/NEK2/TTK/BUB1/SPC25/CDK1/AURKA/CCNB1/KIF18B/ZWINT/CDCA5/NCAPG/CCNB2/CENPF/CENPE/TRIP13/KIF11/ECT2/NUF2/KNL1/KIF23/BUB1B/SKA3/NUSAP1/MAD2L1/CENPK/RMI2/NCAPH/KIF18A/KIFC1/KIF2C/SGO1/CDC20/AURKB/CDC6/CENPI/KNTC1/CCNE2/CCNE1/DPF3",52
"GO:0000280","GO:0000280","nuclear division","60/387","446/18888",9.00334092549975e-32,1.12871884069349e-28,9.78047140538499e-29,"PTTG1/NDC80/ANLN/MND1/ASPM/TOP2A/CDCA8/RACGAP1/UBE2C/PRC1/SKA1/SPDL1/DLGAP5/KIF4A/NEK2/TTK/BUB1/SPC25/RAD51AP1/CDK1/AURKA/CCNB1/KIF18B/ZWINT/CDCA5/NCAPG/CCNB2/CENPF/CENPE/TRIP13/KIF11/NUF2/MKI67/KNL1/KIF23/BUB1B/SKA3/NUSAP1/MAD2L1/CENPK/RAD51/NCAPH/KIF18A/CDCA2/TDRKH/KIFC1/KIF2C/SGO1/EME1/CDC25C/CHEK1/CDC20/AURKB/CENPI/KNTC1/CCNE2/FBXO43/CCNE1/IGF1/HOXA13",60
"GO:0140014","GO:0140014","mitotic nuclear division","48/387","277/18888",1.4003800543673e-30,1.31670734611885e-27,1.14094122324241e-27,"NDC80/ANLN/CDCA8/RACGAP1/UBE2C/PRC1/SKA1/SPDL1/DLGAP5/KIF4A/NEK2/TTK/BUB1/SPC25/CDK1/AURKA/CCNB1/KIF18B/ZWINT/CDCA5/NCAPG/CENPF/CENPE/TRIP13/KIF11/NUF2/MKI67/KNL1/KIF23/BUB1B/SKA3/NUSAP1/MAD2L1/CENPK/NCAPH/KIF18A/CDCA2/KIFC1/KIF2C/CDC25C/CHEK1/CDC20/AURKB/CENPI/KNTC1/FBXO43/IGF1/HOXA13",48
"GO:0048285","GO:0048285","organelle fission","60/387","493/18888",2.43329970809255e-29,1.83032804042721e-26,1.58599913605358e-26,"PTTG1/NDC80/ANLN/MND1/ASPM/TOP2A/CDCA8/RACGAP1/UBE2C/PRC1/SKA1/SPDL1/DLGAP5/KIF4A/NEK2/TTK/BUB1/SPC25/RAD51AP1/CDK1/AURKA/CCNB1/KIF18B/ZWINT/CDCA5/NCAPG/CCNB2/CENPF/CENPE/TRIP13/KIF11/NUF2/MKI67/KNL1/KIF23/BUB1B/SKA3/NUSAP1/MAD2L1/CENPK/RAD51/NCAPH/KIF18A/CDCA2/TDRKH/KIFC1/KIF2C/SGO1/EME1/CDC25C/CHEK1/CDC20/AURKB/CENPI/KNTC1/CCNE2/FBXO43/CCNE1/IGF1/HOXA13",60
"GO:0000819","GO:0000819","sister chromatid segregation","43/387","229/18888",5.83698671847311e-29,3.6588178413629e-26,3.17040541761276e-26,"NDC80/TOP2A/CDCA8/RACGAP1/UBE2C/PRC1/SKA1/SPDL1/DLGAP5/KIF4A/NEK2/TTK/BUB1/SPC25/CDK1/CCNB1/KIF18B/ZWINT/CDCA5/NCAPG/CENPF/CENPE/TRIP13/KIF11/NUF2/KNL1/KIF23/BUB1B/SKA3/NUSAP1/MAD2L1/CENPK/RMI2/NCAPH/KIF18A/KIFC1/KIF2C/CDC20/AURKB/CDC6/CENPI/KNTC1/DPF3",43
"GO:0000070","GO:0000070","mitotic sister chromatid segregation","39/387","188/18888",4.6480557721501e-28,2.49733396557951e-25,2.16396701813184e-25,"NDC80/CDCA8/RACGAP1/UBE2C/PRC1/SKA1/SPDL1/DLGAP5/KIF4A/NEK2/TTK/BUB1/SPC25/CDK1/CCNB1/KIF18B/ZWINT/CDCA5/NCAPG/CENPF/CENPE/TRIP13/KIF11/NUF2/KNL1/KIF23/BUB1B/SKA3/NUSAP1/MAD2L1/CENPK/NCAPH/KIF18A/KIFC1/KIF2C/CDC20/AURKB/CENPI/KNTC1",39
"GO:0007088","GO:0007088","regulation of mitotic nuclear division","29/387","118/18888",2.32250211972246e-23,1.09186630903452e-20,9.46114021402728e-21,"NDC80/CDCA8/UBE2C/SPDL1/DLGAP5/NEK2/TTK/BUB1/SPC25/AURKA/CCNB1/ZWINT/CENPF/TRIP13/NUF2/MKI67/KNL1/BUB1B/NUSAP1/MAD2L1/CDCA2/CDC25C/CHEK1/CDC20/AURKB/KNTC1/FBXO43/IGF1/HOXA13",29
"GO:0051983","GO:0051983","regulation of chromosome segregation","29/387","131/18888",5.66454636331395e-22,2.36715098582486e-19,2.05116205155789e-19,"NDC80/CDCA8/UBE2C/SPDL1/DLGAP5/TTK/BUB1/SPC25/CDK1/CCNB1/ZWINT/NCAPG/CENPF/CENPE/TRIP13/NUF2/MKI67/KNL1/BUB1B/MAD2L1/RMI2/NCAPH/CDCA2/KIF2C/CDC20/AURKB/CDC6/KNTC1/DPF3",29
"GO:0051783","GO:0051783","regulation of nuclear division","30/387","147/18888",1.34391233344794e-21,5.05445428609771e-19,4.37973956247876e-19,"NDC80/CDCA8/UBE2C/SPDL1/DLGAP5/NEK2/TTK/BUB1/SPC25/RAD51AP1/AURKA/CCNB1/ZWINT/CENPF/TRIP13/NUF2/MKI67/KNL1/BUB1B/NUSAP1/MAD2L1/CDCA2/CDC25C/CHEK1/CDC20/AURKB/KNTC1/FBXO43/IGF1/HOXA13",30
"GO:0044772","GO:0044772","mitotic cell cycle phase transition","46/387","451/18888",1.96127930905914e-19,6.7057922557922e-17,5.81064185726994e-17,"NDC80/ANLN/CDCA8/UBE2C/SPDL1/DLGAP5/RRM2/DTL/CDKN3/MELK/TTK/BUB1/SPC25/CDK1/AURKA/CCNB1/ZWINT/CDCA5/CCNB2/CDKN2C/CDKN2A/CENPF/CENPE/TRIP13/NUF2/KNL1/CCNA2/BUB1B/MAD2L1/STIL/FOXM1/E2F7/CDKN2B/CDC25C/CHEK1/CDC20/AURKB/CDC6/KNTC1/CCNE2/CCNE1/KDM8/GTSE1/E2F1/BLM/DPF3",46
"GO:0033045","GO:0033045","regulation of sister chromatid segregation","24/387","104/18888",7.65207386976335e-19,2.39828748534833e-16,2.07814216673573e-16,"NDC80/CDCA8/UBE2C/SPDL1/DLGAP5/TTK/BUB1/SPC25/CDK1/CCNB1/ZWINT/CENPF/CENPE/TRIP13/NUF2/KNL1/BUB1B/MAD2L1/RMI2/CDC20/AURKB/CDC6/KNTC1/DPF3",24
"GO:1905818","GO:1905818","regulation of chromosome separation","21/387","74/18888",1.13989257258502e-18,3.29779689653251e-16,2.85757684592974e-16,"NDC80/CDCA8/UBE2C/SPDL1/DLGAP5/TTK/BUB1/SPC25/CCNB1/ZWINT/NCAPG/CENPF/TRIP13/NUF2/KNL1/BUB1B/MAD2L1/NCAPH/CDC20/AURKB/KNTC1",21
"GO:1901990","GO:1901990","regulation of mitotic cell cycle phase transition","40/387","356/18888",1.68483952232019e-18,4.52620103103303e-16,3.92200237676941e-16,"NDC80/ANLN/CDCA8/UBE2C/SPDL1/DLGAP5/RRM2/DTL/TTK/BUB1/SPC25/CDK1/AURKA/CCNB1/ZWINT/CDCA5/CDKN2C/CDKN2A/CENPF/CENPE/TRIP13/NUF2/KNL1/BUB1B/MAD2L1/STIL/E2F7/CDKN2B/CDC25C/CHEK1/CDC20/AURKB/CDC6/KNTC1/CCNE2/CCNE1/GTSE1/E2F1/BLM/DPF3",40
"GO:0010965","GO:0010965","regulation of mitotic sister chromatid separation","19/387","59/18888",3.5340247149359e-18,8.86097796858261e-16,7.67813369645021e-16,"NDC80/CDCA8/UBE2C/SPDL1/DLGAP5/TTK/BUB1/SPC25/CCNB1/ZWINT/CENPF/TRIP13/NUF2/KNL1/BUB1B/MAD2L1/CDC20/AURKB/KNTC1",19
"GO:0030071","GO:0030071","regulation of mitotic metaphase/anaphase transition","22/387","90/18888",5.88187415373414e-18,1.38260804326213e-15,1.19804489341848e-15,"NDC80/CDCA8/UBE2C/SPDL1/DLGAP5/TTK/BUB1/SPC25/CCNB1/ZWINT/CENPF/CENPE/TRIP13/NUF2/KNL1/BUB1B/MAD2L1/CDC20/AURKB/CDC6/KNTC1/DPF3",22
"GO:0051304","GO:0051304","chromosome separation","21/387","81/18888",9.0037469406701e-18,1.99194660258002e-15,1.72604337636623e-15,"NDC80/CDCA8/UBE2C/SPDL1/DLGAP5/TTK/BUB1/SPC25/CCNB1/ZWINT/NCAPG/CENPF/TRIP13/NUF2/KNL1/BUB1B/MAD2L1/NCAPH/CDC20/AURKB/KNTC1",21
"GO:1901987","GO:1901987","regulation of cell cycle phase transition","44/387","455/18888",9.69234211166484e-18,2.0251610378873e-15,1.75482404548037e-15,"NDC80/ANLN/CDCA8/UBE2C/SPDL1/DLGAP5/RRM2/DTL/TTK/BUB1/SPC25/CDK1/AURKA/CCNB1/ZWINT/CDCA5/CDKN2C/CDKN2A/MSH2/CENPF/CENPE/TRIP13/NUF2/KNL1/BUB1B/MAD2L1/STIL/CDC45/RAD51/E2F7/EME1/CDKN2B/CDC25C/CHEK1/CDC20/AURKB/CDC6/KNTC1/CCNE2/CCNE1/GTSE1/E2F1/BLM/DPF3",44
"GO:0051306","GO:0051306","mitotic sister chromatid separation","19/387","62/18888",1.02393757884659e-17,2.02685749160106e-15,1.75629404105764e-15,"NDC80/CDCA8/UBE2C/SPDL1/DLGAP5/TTK/BUB1/SPC25/CCNB1/ZWINT/CENPF/TRIP13/NUF2/KNL1/BUB1B/MAD2L1/CDC20/AURKB/KNTC1",19
"GO:1902099","GO:1902099","regulation of metaphase/anaphase transition of cell cycle","22/387","93/18888",1.26259357844926e-17,2.13532179311628e-15,1.85027953693391e-15,"NDC80/CDCA8/UBE2C/SPDL1/DLGAP5/TTK/BUB1/SPC25/CCNB1/ZWINT/CENPF/CENPE/TRIP13/NUF2/KNL1/BUB1B/MAD2L1/CDC20/AURKB/CDC6/KNTC1/DPF3",22
"GO:0033047","GO:0033047","regulation of mitotic sister chromatid segregation","18/387","54/18888",1.35121401308553e-17,2.13532179311628e-15,1.85027953693391e-15,"NDC80/CDCA8/SPDL1/TTK/BUB1/SPC25/CDK1/CCNB1/ZWINT/CENPF/TRIP13/NUF2/KNL1/BUB1B/MAD2L1/CDC20/AURKB/KNTC1",18
"GO:0007094","GO:0007094","mitotic spindle assembly checkpoint signaling","17/387","46/18888",1.4184147690941e-17,2.13532179311628e-15,1.85027953693391e-15,"NDC80/CDCA8/SPDL1/TTK/BUB1/SPC25/CCNB1/ZWINT/CENPF/TRIP13/NUF2/KNL1/BUB1B/MAD2L1/CDC20/AURKB/KNTC1",17
"GO:0071173","GO:0071173","spindle assembly checkpoint signaling","17/387","46/18888",1.4184147690941e-17,2.13532179311628e-15,1.85027953693391e-15,"NDC80/CDCA8/SPDL1/TTK/BUB1/SPC25/CCNB1/ZWINT/CENPF/TRIP13/NUF2/KNL1/BUB1B/MAD2L1/CDC20/AURKB/KNTC1",17
"GO:0071174","GO:0071174","mitotic spindle checkpoint signaling","17/387","46/18888",1.4184147690941e-17,2.13532179311628e-15,1.85027953693391e-15,"NDC80/CDCA8/SPDL1/TTK/BUB1/SPC25/CCNB1/ZWINT/CENPF/TRIP13/NUF2/KNL1/BUB1B/MAD2L1/CDC20/AURKB/KNTC1",17
"GO:0051784","GO:0051784","negative regulation of nuclear division","19/387","63/18888",1.43892759325153e-17,2.13532179311628e-15,1.85027953693391e-15,"NDC80/CDCA8/SPDL1/TTK/BUB1/SPC25/CCNB1/ZWINT/CENPF/TRIP13/NUF2/KNL1/BUB1B/MAD2L1/CHEK1/CDC20/AURKB/KNTC1/FBXO43",19
"GO:0007093","GO:0007093","mitotic cell cycle checkpoint signaling","26/387","143/18888",1.47615970808358e-17,2.13532179311628e-15,1.85027953693391e-15,"NDC80/CDCA8/SPDL1/DTL/TTK/BUB1/SPC25/CDK1/CCNB1/ZWINT/MSH2/CENPF/TRIP13/NUF2/KNL1/BUB1B/MAD2L1/E2F7/EME1/CHEK1/CDC20/AURKB/CDC6/KNTC1/GTSE1/BLM",26
"GO:0007091","GO:0007091","metaphase/anaphase transition of mitotic cell cycle","22/387","94/18888",1.61785331544194e-17,2.25360974791746e-15,1.95277733512992e-15,"NDC80/CDCA8/UBE2C/SPDL1/DLGAP5/TTK/BUB1/SPC25/CCNB1/ZWINT/CENPF/CENPE/TRIP13/NUF2/KNL1/BUB1B/MAD2L1/CDC20/AURKB/CDC6/KNTC1/DPF3",22
"GO:0031577","GO:0031577","spindle checkpoint signaling","17/387","47/18888",2.18104561474739e-17,2.92961162752318e-15,2.53854030949545e-15,"NDC80/CDCA8/SPDL1/TTK/BUB1/SPC25/CCNB1/ZWINT/CENPF/TRIP13/NUF2/KNL1/BUB1B/MAD2L1/CDC20/AURKB/KNTC1",17
"GO:0045839","GO:0045839","negative regulation of mitotic nuclear division","18/387","56/18888",2.85134528516171e-17,3.58893232916881e-15,3.10984886189469e-15,"NDC80/CDCA8/SPDL1/TTK/BUB1/SPC25/CCNB1/ZWINT/CENPF/TRIP13/NUF2/KNL1/BUB1B/MAD2L1/CHEK1/CDC20/AURKB/KNTC1",18
"GO:0000075","GO:0000075","cell cycle checkpoint signaling","29/387","191/18888",3.16816681425473e-17,3.58893232916881e-15,3.10984886189469e-15,"NDC80/CDCA8/SPDL1/DTL/TTK/BUB1/SPC25/CDK1/CCNB1/ZWINT/MSH2/CENPF/TRIP13/NUF2/KNL1/BUB1B/MAD2L1/CDC45/RAD51/E2F7/EME1/CHEK1/CDC20/AURKB/CDC6/KNTC1/GTSE1/E2F1/BLM",29
"GO:0033046","GO:0033046","negative regulation of sister chromatid segregation","17/387","48/18888",3.3145859796224e-17,3.58893232916881e-15,3.10984886189469e-15,"NDC80/CDCA8/SPDL1/TTK/BUB1/SPC25/CCNB1/ZWINT/CENPF/TRIP13/NUF2/KNL1/BUB1B/MAD2L1/CDC20/AURKB/KNTC1",17
"GO:0033048","GO:0033048","negative regulation of mitotic sister chromatid segregation","17/387","48/18888",3.3145859796224e-17,3.58893232916881e-15,3.10984886189469e-15,"NDC80/CDCA8/SPDL1/TTK/BUB1/SPC25/CCNB1/ZWINT/CENPF/TRIP13/NUF2/KNL1/BUB1B/MAD2L1/CDC20/AURKB/KNTC1",17
"GO:0045841","GO:0045841","negative regulation of mitotic metaphase/anaphase transition","17/387","48/18888",3.3145859796224e-17,3.58893232916881e-15,3.10984886189469e-15,"NDC80/CDCA8/SPDL1/TTK/BUB1/SPC25/CCNB1/ZWINT/CENPF/TRIP13/NUF2/KNL1/BUB1B/MAD2L1/CDC20/AURKB/KNTC1",17
"GO:2000816","GO:2000816","negative regulation of mitotic sister chromatid separation","17/387","48/18888",3.3145859796224e-17,3.58893232916881e-15,3.10984886189469e-15,"NDC80/CDCA8/SPDL1/TTK/BUB1/SPC25/CCNB1/ZWINT/CENPF/TRIP13/NUF2/KNL1/BUB1B/MAD2L1/CDC20/AURKB/KNTC1",17
"GO:0044784","GO:0044784","metaphase/anaphase transition of cell cycle","22/387","97/18888",3.33987321246765e-17,3.58893232916881e-15,3.10984886189469e-15,"NDC80/CDCA8/UBE2C/SPDL1/DLGAP5/TTK/BUB1/SPC25/CCNB1/ZWINT/CENPF/CENPE/TRIP13/NUF2/KNL1/BUB1B/MAD2L1/CDC20/AURKB/CDC6/KNTC1/DPF3",22
"GO:0051310","GO:0051310","metaphase chromosome alignment","22/387","100/18888",6.71168657661001e-17,7.01184811517507e-15,6.07584258514169e-15,"NDC80/CDCA8/RACGAP1/SKA1/SPDL1/NEK2/SPC25/CCNB1/ZWINT/CDCA5/CENPF/CENPE/ECT2/NUF2/KNL1/SKA3/KIF18A/KIFC1/KIF2C/SGO1/AURKB/KNTC1",22
"GO:0051985","GO:0051985","negative regulation of chromosome segregation","17/387","50/18888",7.40801309816403e-17,7.14398391338331e-15,6.19033969012573e-15,"NDC80/CDCA8/SPDL1/TTK/BUB1/SPC25/CCNB1/ZWINT/CENPF/TRIP13/NUF2/KNL1/BUB1B/MAD2L1/CDC20/AURKB/KNTC1",17
"GO:1902100","GO:1902100","negative regulation of metaphase/anaphase transition of cell cycle","17/387","50/18888",7.40801309816403e-17,7.14398391338331e-15,6.19033969012573e-15,"NDC80/CDCA8/SPDL1/TTK/BUB1/SPC25/CCNB1/ZWINT/CENPF/TRIP13/NUF2/KNL1/BUB1B/MAD2L1/CDC20/AURKB/KNTC1",17
"GO:1905819","GO:1905819","negative regulation of chromosome separation","17/387","50/18888",7.40801309816403e-17,7.14398391338331e-15,6.19033969012573e-15,"NDC80/CDCA8/SPDL1/TTK/BUB1/SPC25/CCNB1/ZWINT/CENPF/TRIP13/NUF2/KNL1/BUB1B/MAD2L1/CDC20/AURKB/KNTC1",17
"GO:0050000","GO:0050000","chromosome localization","23/387","120/18888",3.34336567854589e-16,3.14359957925277e-14,2.7239631949416e-14,"NDC80/CDCA8/RACGAP1/SKA1/SPDL1/DLGAP5/NEK2/SPC25/CCNB1/ZWINT/CDCA5/CENPF/CENPE/ECT2/NUF2/KNL1/SKA3/KIF18A/KIFC1/KIF2C/SGO1/AURKB/KNTC1",23
"GO:0090068","GO:0090068","positive regulation of cell cycle process","32/387","263/18888",5.21086938979648e-16,4.78001945732306e-14,4.14193880123489e-14,"NDC80/CDCA8/RACGAP1/UBE2C/DLGAP5/RRM2/DTL/BUB1/RAD51AP1/CDK1/AURKA/CCNB1/CDCA5/NCAPG/ECT2/KNL1/KIF23/NUSAP1/MAD2L1/STIL/NCAPH/E2F7/CDC25C/CDC20/E2F8/AURKB/CDC6/PLK4/CCNE2/CCNE1/IGF1/HOXA13",32
"GO:0051303","GO:0051303","establishment of chromosome localization","22/387","112/18888",8.64791577586105e-16,7.744002674527e-14,6.71026246668316e-14,"NDC80/CDCA8/RACGAP1/SKA1/SPDL1/NEK2/SPC25/CCNB1/ZWINT/CDCA5/CENPF/CENPE/ECT2/NUF2/KNL1/SKA3/KIF18A/KIFC1/KIF2C/SGO1/AURKB/KNTC1",22
"GO:0008608","GO:0008608","attachment of spindle microtubules to kinetochore","16/387","52/18888",3.75193282525994e-15,3.28163240832619e-13,2.84357014124964e-13,"NDC80/CDCA8/RACGAP1/SKA1/NEK2/SPC25/CCNB1/CENPE/ECT2/NUF2/KNL1/SKA3/KIF2C/SGO1/AURKB/KNTC1",16
"GO:1902850","GO:1902850","microtubule cytoskeleton organization involved in mitosis","25/387","164/18888",4.65813866038914e-15,3.98164988675535e-13,3.45014289295808e-13,"NDC80/CDCA8/RACGAP1/PRC1/SPDL1/DLGAP5/KIF4A/NEK2/TTK/SPC25/CDK1/AURKA/CCNB1/CENPA/CENPE/KIF11/NUF2/KIF23/NUSAP1/MAD2L1/STIL/KIFC1/CDC20/AURKB/CENPH",25
"GO:0045787","GO:0045787","positive regulation of cell cycle","34/387","332/18888",1.1401115707125e-14,9.52879914988823e-13,8.25680800684419e-13,"NDC80/CDCA8/RACGAP1/UBE2C/DLGAP5/RRM2/DTL/BUB1/RAD51AP1/CDK1/AURKA/CCNB1/CDCA5/NCAPG/ECT2/KNL1/KIF23/NUSAP1/MAD2L1/STIL/FOSL1/NCAPH/E2F7/CDC25C/CHEK1/CDC20/E2F8/AURKB/CDC6/PLK4/CCNE2/CCNE1/IGF1/HOXA13",34
"GO:0010948","GO:0010948","negative regulation of cell cycle process","33/387","316/18888",1.62386820100402e-14,1.32768876173394e-12,1.15045673920102e-12,"NDC80/CDCA8/SPDL1/DTL/NEK2/TTK/BUB1/SPC25/CDK1/CCNB1/ZWINT/MSH2/CENPF/TRIP13/NUF2/KNL1/BUB1B/MAD2L1/CDC45/RAD51/E2F7/EME1/CDKN2B/CHEK1/CDC20/E2F8/AURKB/CDC6/KNTC1/FBXO43/GTSE1/E2F1/BLM",33
"GO:0045786","GO:0045786","negative regulation of cell cycle","37/387","405/18888",2.71805771996093e-14,2.17502448612193e-12,1.88468235184749e-12,"NDC80/CDCA8/SPDL1/DTL/NEK2/GMNN/TTK/BUB1/SPC25/CDK1/CCNB1/ZWINT/CDKN2A/MSH2/CENPF/TRIP13/NUF2/KNL1/BUB1B/MAD2L1/CDC45/RAD51/E2F7/EME1/CDKN2B/CHEK1/CDC20/E2F8/AURKB/CDC6/KNTC1/FBXO43/GTSE1/E2F1/BLM/PTGS2/GMNC",37
"GO:1901988","GO:1901988","negative regulation of cell cycle phase transition","30/387","273/18888",6.90371777443129e-14,5.40935053117418e-12,4.68726101527177e-12,"NDC80/CDCA8/SPDL1/DTL/TTK/BUB1/SPC25/CDK1/CCNB1/ZWINT/MSH2/CENPF/TRIP13/NUF2/KNL1/BUB1B/MAD2L1/CDC45/RAD51/E2F7/EME1/CDKN2B/CHEK1/CDC20/AURKB/CDC6/KNTC1/GTSE1/E2F1/BLM",30
"GO:0033044","GO:0033044","regulation of chromosome organization","28/387","247/18888",2.22814687326477e-13,1.71021640619363e-11,1.48192109981262e-11,"NDC80/TOP2A/CDCA8/UBE2C/SPDL1/DLGAP5/NEK2/TTK/BUB1/SPC25/CDK1/CCNB1/ZWINT/NCAPG/CENPF/CENPE/TRIP13/NUF2/KNL1/BUB1B/MAD2L1/RMI2/NCAPH/CDC20/AURKB/CDC6/KNTC1/DPF3",28
"GO:1901991","GO:1901991","negative regulation of mitotic cell cycle phase transition","25/387","195/18888",2.72694079029535e-13,2.05120486246016e-11,1.77739130247461e-11,"NDC80/CDCA8/SPDL1/DTL/TTK/BUB1/SPC25/CDK1/CCNB1/ZWINT/CENPF/TRIP13/NUF2/KNL1/BUB1B/MAD2L1/E2F7/CDKN2B/CHEK1/CDC20/AURKB/CDC6/KNTC1/GTSE1/BLM",25
"GO:2001251","GO:2001251","negative regulation of chromosome organization","18/387","93/18888",4.89717850139728e-13,3.61142908701082e-11,3.12934254702291e-11,"NDC80/TOP2A/CDCA8/SPDL1/TTK/BUB1/SPC25/CCNB1/ZWINT/CENPF/TRIP13/NUF2/KNL1/BUB1B/MAD2L1/CDC20/AURKB/KNTC1",18
"GO:0045930","GO:0045930","negative regulation of mitotic cell cycle","27/387","248/18888",1.59799404347051e-12,1.15577992259473e-10,1.00149586206168e-10,"NDC80/CDCA8/SPDL1/DTL/TTK/BUB1/SPC25/CDK1/CCNB1/ZWINT/MSH2/CENPF/TRIP13/NUF2/KNL1/BUB1B/MAD2L1/E2F7/EME1/CDKN2B/CHEK1/CDC20/AURKB/CDC6/KNTC1/GTSE1/BLM",27
"GO:0007052","GO:0007052","mitotic spindle organization","20/387","131/18888",2.58195370750863e-12,1.83221281017735e-10,1.58763230952268e-10,"NDC80/CDCA8/RACGAP1/PRC1/DLGAP5/KIF4A/NEK2/TTK/SPC25/AURKA/CCNB1/CENPE/KIF11/NUF2/KIF23/STIL/KIFC1/CDC20/AURKB/CENPH",20
"GO:0051383","GO:0051383","kinetochore organization","10/387","21/18888",3.35206504389224e-12,2.33465122779236e-10,2.0230006580683e-10,"NDC80/DLGAP5/CENPA/CENPW/CENPF/CENPE/NUF2/CENPK/CENPH/KNTC1",10
"GO:0034508","GO:0034508","centromere complex assembly","11/387","28/18888",3.64511587165114e-12,2.49259650786908e-10,2.15986195954678e-10,"DLGAP5/CENPA/CENPW/ITGB3BP/CENPF/CENPE/HJURP/CENPK/CENPH/CENPI/KNTC1",11
"GO:0006260","GO:0006260","DNA replication","28/387","278/18888",4.11358771398677e-12,2.7627148914829e-10,2.3939224741547e-10,"DTL/GMNN/CDK1/ORC6/MCM2/CCNA2/CDC45/RAD51/RNASEH2A/RMI2/POLQ/E2F7/EME1/CHEK1/MCM8/E2F8/MMS22L/GINS2/FAM111B/CDC6/MCM6/ESCO2/TRAIP/CCNE2/CCNE1/MCM10/BLM/GMNC",28
"GO:0051321","GO:0051321","meiotic cell cycle","28/387","291/18888",1.2381941672792e-11,8.16990923357382e-10,7.07931512815588e-10,"PTTG1/NDC80/MND1/ASPM/TOP2A/NEK2/TTK/RAD51AP1/AURKA/ZWINT/CCNB2/TRIP13/NUF2/KNL1/EXO1/SGO2/RAD51/NCAPH/KIF18A/TDRKH/SGO1/EME1/CDC25C/CDC20/CCNE2/FBXO43/CCNE1/FAM9B",28
"GO:0140013","GO:0140013","meiotic nuclear division","23/387","197/18888",1.77426434345731e-11,1.15051865443844e-09,9.96936916033365e-10,"PTTG1/NDC80/MND1/ASPM/TOP2A/TTK/RAD51AP1/AURKA/ZWINT/CCNB2/TRIP13/NUF2/KNL1/RAD51/NCAPH/KIF18A/TDRKH/SGO1/EME1/CDC20/CCNE2/FBXO43/CCNE1",23
"GO:1903046","GO:1903046","meiotic cell cycle process","24/387","218/18888",2.25207142432754e-11,1.43560010625354e-09,1.24396309183194e-09,"PTTG1/NDC80/MND1/ASPM/TOP2A/TTK/RAD51AP1/AURKA/ZWINT/CCNB2/TRIP13/NUF2/KNL1/RAD51/NCAPH/KIF18A/TDRKH/SGO1/EME1/CDC25C/CDC20/CCNE2/FBXO43/CCNE1",24
"GO:0007051","GO:0007051","spindle organization","22/387","197/18888",1.18102729722071e-10,7.40307277474512e-09,6.41484300385141e-09,"NDC80/ASPM/CDCA8/RACGAP1/PRC1/DLGAP5/KIF4A/NEK2/TTK/SPC25/AURKA/CCNB1/CCNB2/CENPE/KIF11/NUF2/KIF23/STIL/KIFC1/CDC20/AURKB/CENPH",22
"GO:0007080","GO:0007080","mitotic metaphase chromosome alignment","13/387","60/18888",1.98489639477875e-10,1.22380251487916e-08,1.06043817743486e-08,"NDC80/CDCA8/SKA1/SPDL1/CCNB1/CDCA5/CENPE/NUF2/SKA3/KIF18A/KIFC1/KIF2C/AURKB",13
"GO:0051382","GO:0051382","kinetochore assembly","8/387","17/18888",5.9796939531829e-10,3.62735950934208e-08,3.14314643107882e-08,"DLGAP5/CENPA/CENPW/CENPF/CENPE/CENPK/CENPH/KNTC1",8
"GO:0045132","GO:0045132","meiotic chromosome segregation","15/387","93/18888",6.57002133979884e-10,3.92219845380689e-08,3.39862758028692e-08,"PTTG1/NDC80/MND1/ASPM/TTK/AURKA/ZWINT/CCNB2/TRIP13/NUF2/KNL1/NCAPH/SGO1/CCNE2/CCNE1",15
"GO:0006261","GO:0006261","DNA-templated DNA replication","19/387","160/18888",7.81287144889372e-10,4.59128273738895e-08,3.97839638252877e-08,"GMNN/ORC6/MCM2/CDC45/RAD51/POLQ/E2F7/EME1/MCM8/E2F8/MMS22L/GINS2/CDC6/MCM6/TRAIP/CCNE2/CCNE1/MCM10/BLM",19
"GO:0140694","GO:0140694","non-membrane-bounded organelle assembly","30/387","413/18888",2.230358618213e-09,1.29051980970755e-07,1.11824943837853e-07,"NDC80/ANLN/ASPM/CDCA8/RACGAP1/PRC1/DLGAP5/KIF4A/NEK2/SQLE/AURKA/CENPA/CENPW/CCNB2/CENPF/CENPE/KIF11/KIF23/CENPK/STIL/KIFC1/CDC20/EIF5/AURKB/CENPH/PLK4/KNTC1/MYOM2/SIX4/PDGFRA",30
"GO:0051231","GO:0051231","spindle elongation","7/387","14/18888",4.35543384138462e-09,2.48193737537084e-07,2.15062570541097e-07,"CDCA8/RACGAP1/PRC1/KIF4A/KIF11/KIF23/AURKB",7
"GO:0000079","GO:0000079","regulation of cyclin-dependent protein serine/threonine kinase activity","13/387","78/18888",6.06978424304532e-09,3.40723261762589e-07,2.95240408742629e-07,"CDKN3/CCNB1/CCNB2/CDKN2C/CDKN2A/CCNA2/CDKN2B/CDC25C/CDC6/CCNE2/CCNE1/DIRAS3/BLM",13
"GO:0044771","GO:0044771","meiotic cell cycle phase transition","7/387","15/18888",8.02286707859759e-09,4.43735339450082e-07,3.84501493426287e-07,"NDC80/TTK/ZWINT/CCNB2/KNL1/CDC25C/CDC20",7
"GO:1904029","GO:1904029","regulation of cyclin-dependent protein kinase activity","13/387","81/18888",9.77553503637266e-09,5.32837496692719e-07,4.61709480894123e-07,"CDKN3/CCNB1/CCNB2/CDKN2C/CDKN2A/CCNA2/CDKN2B/CDC25C/CDC6/CCNE2/CCNE1/DIRAS3/BLM",13
"GO:0000910","GO:0000910","cytokinesis","19/387","188/18888",1.17697221730201e-08,6.32370358467552e-07,5.47955787183012e-07,"ANLN/CDCA8/CKAP2/RACGAP1/PRC1/CEP55/KIF4A/KIF20A/AURKA/CENPA/ECT2/KIF23/NUSAP1/E2F7/E2F8/AURKB/CDC6/ANK3/SEPTIN3",19
"GO:0010273","GO:0010273","detoxification of copper ion","7/387","16/18888",1.40121854042285e-08,7.31942073684769e-07,6.34235760401921e-07,"MT1DP/MT1B/MT1HL1/MT1M/MT1A/MT1F/MT1X",7
"GO:1990169","GO:1990169","stress response to copper ion","7/387","16/18888",1.40121854042285e-08,7.31942073684769e-07,6.34235760401921e-07,"MT1DP/MT1B/MT1HL1/MT1M/MT1A/MT1F/MT1X",7
"GO:0051315","GO:0051315","attachment of mitotic spindle microtubules to kinetochore","8/387","24/18888",1.59531156244786e-08,8.21913258406355e-07,7.12196769623442e-07,"NDC80/CDCA8/SKA1/CENPE/NUF2/SKA3/KIF2C/AURKB",8
"GO:0061982","GO:0061982","meiosis I cell cycle process","16/387","139/18888",2.70565578073532e-08,1.37513126910075e-06,1.19156618736224e-06,"PTTG1/NDC80/MND1/TOP2A/RAD51AP1/AURKA/ZWINT/CCNB2/TRIP13/KNL1/RAD51/EME1/CDC25C/CDC20/CCNE2/CCNE1",16
"GO:0000281","GO:0000281","mitotic cytokinesis","13/387","88/18888",2.74691660659794e-08,1.37748711432198e-06,1.19360755284593e-06,"ANLN/CDCA8/CKAP2/RACGAP1/CEP55/KIF4A/KIF20A/CENPA/ECT2/KIF23/NUSAP1/AURKB/ANK3",13
"GO:0051256","GO:0051256","mitotic spindle midzone assembly","6/387","11/18888",3.01552543097679e-08,1.49228830867154e-06,1.29308403522218e-06,"CDCA8/RACGAP1/PRC1/KIF4A/KIF23/AURKB",6
"GO:0034502","GO:0034502","protein localization to chromosome","15/387","124/18888",3.76980246568294e-08,1.84132819135501e-06,1.59553088636424e-06,"SPDL1/TTK/CDK1/CENPA/MSH2/KNL1/BUB1B/MCM8/AURKB/MMS22L/ESCO2/KNTC1/ESR1/H4C5/LEF1",15
"GO:0006270","GO:0006270","DNA replication initiation","9/387","37/18888",4.34499428066817e-08,2.09506711405038e-06,1.81539842010103e-06,"GMNN/ORC6/MCM2/CDC45/CDC6/MCM6/CCNE2/CCNE1/MCM10",9
"GO:0000022","GO:0000022","mitotic spindle elongation","6/387","12/18888",5.92690999461077e-08,2.82165930249761e-06,2.44499844681078e-06,"CDCA8/RACGAP1/PRC1/KIF4A/KIF23/AURKB",6
"GO:0051225","GO:0051225","spindle assembly","15/387","129/18888",6.44076468347978e-08,3.02796449682093e-06,2.62376413948071e-06,"NDC80/ASPM/CDCA8/RACGAP1/PRC1/KIF4A/NEK2/AURKA/CCNB2/KIF11/KIF23/STIL/KIFC1/CDC20/AURKB",15
"GO:0071459","GO:0071459","protein localization to chromosome, centromeric region","9/387","40/18888",9.04534294551739e-08,4.19994257013468e-06,3.63929587515554e-06,"SPDL1/TTK/CDK1/CENPA/KNL1/BUB1B/AURKB/KNTC1/H4C5",9
"GO:0044839","GO:0044839","cell cycle G2/M phase transition","16/387","152/18888",9.61586141183983e-08,4.41039692316215e-06,3.8216568589289e-06,"NDC80/DTL/MELK/CDK1/AURKA/CCNB1/CCNB2/CENPF/CCNA2/FOXM1/CDC25C/CHEK1/AURKB/CDC6/KDM8/BLM",16
"GO:1901992","GO:1901992","positive regulation of mitotic cell cycle phase transition","13/387","99/18888",1.15490246238528e-07,5.23323874823017e-06,4.53465824165483e-06,"UBE2C/DLGAP5/RRM2/DTL/CDK1/CCNB1/CDCA5/STIL/CDC25C/CDC20/CDC6/CCNE2/CCNE1",13
"GO:0061640","GO:0061640","cytoskeleton-dependent cytokinesis","14/387","117/18888",1.23507854624243e-07,5.52991715764021e-06,4.79173330722627e-06,"ANLN/CDCA8/CKAP2/RACGAP1/CEP55/KIF4A/KIF20A/CENPA/ECT2/KIF23/NUSAP1/AURKB/ANK3/SEPTIN3",14
"GO:0051988","GO:0051988","regulation of attachment of spindle microtubules to kinetochore","7/387","21/18888",1.3034899314997e-07,5.70049492136089e-06,4.93954079305149e-06,"CDCA8/RACGAP1/NEK2/CCNB1/ECT2/AURKB/KNTC1",7
"GO:0097501","GO:0097501","stress response to metal ion","7/387","21/18888",1.3034899314997e-07,5.70049492136089e-06,4.93954079305149e-06,"MT1DP/MT1B/MT1HL1/MT1M/MT1A/MT1F/MT1X",7
"GO:0010639","GO:0010639","negative regulation of organelle organization","25/387","365/18888",1.56277859128685e-07,6.75587388716072e-06,5.85403813505635e-06,"NDC80/TOP2A/CDCA8/CKAP2/SPDL1/TTK/BUB1/SPC25/CCNB1/ZWINT/CENPF/TRIP13/NUF2/KNL1/BUB1B/MAD2L1/CHEK1/CDC20/AURKB/HGF/KIF24/KNTC1/FBXO43/IGF1/CAPG",25
"GO:0051255","GO:0051255","spindle midzone assembly","6/387","14/18888",1.8603295331424e-07,7.84892713828715e-06,6.80118065467947e-06,"CDCA8/RACGAP1/PRC1/KIF4A/KIF23/AURKB",6
"GO:0061687","GO:0061687","detoxification of inorganic compound","7/387","22/18888",1.87823302963532e-07,7.84892713828715e-06,6.80118065467947e-06,"MT1DP/MT1B/MT1HL1/MT1M/MT1A/MT1F/MT1X",7
"GO:0090231","GO:0090231","regulation of spindle checkpoint","7/387","22/18888",1.87823302963532e-07,7.84892713828715e-06,6.80118065467947e-06,"NDC80/CDCA8/CCNB1/ZWINT/KNL1/MAD2L1/AURKB",7
"GO:0071241","GO:0071241","cellular response to inorganic substance","19/387","229/18888",2.76251107051148e-07,1.14173671826304e-05,9.89327272909607e-06,"MT1DP/SYT9/ECT2/CYP1A2/CCNA2/MT1B/RAD51/MT1HL1/CRHBP/FOSB/MT1M/ADCY1/BLM/MT1A/MT1F/MT1X/ANK3/PTGS2/NQO1",19
"GO:0051302","GO:0051302","regulation of cell division","17/387","186/18888",3.00219378370612e-07,1.21914953223726e-05,1.05640631741462e-05,"ASPM/CDCA8/RACGAP1/PRC1/KIF20A/AURKA/KIF18B/ECT2/KIF23/GAREM1/E2F7/MDK/E2F8/AURKB/CDC6/THBS4/BLM",17
"GO:0034501","GO:0034501","protein localization to kinetochore","6/387","15/18888",3.04706344138003e-07,1.21914953223726e-05,1.05640631741462e-05,"SPDL1/TTK/CDK1/KNL1/AURKB/KNTC1",6
"GO:1903083","GO:1903083","protein localization to condensed chromosome","6/387","15/18888",3.04706344138003e-07,1.21914953223726e-05,1.05640631741462e-05,"SPDL1/TTK/CDK1/KNL1/AURKB/KNTC1",6
"GO:0071294","GO:0071294","cellular response to zinc ion","7/387","24/18888",3.67913953715321e-07,1.45655197886665e-05,1.26211811712203e-05,"MT1DP/MT1B/MT1HL1/MT1M/MT1A/MT1F/MT1X",7
"GO:0045931","GO:0045931","positive regulation of mitotic cell cycle","14/387","130/18888",4.61516830923329e-07,1.80808833448192e-05,1.56672818918709e-05,"UBE2C/DLGAP5/RRM2/DTL/CDK1/AURKA/CCNB1/CDCA5/STIL/CDC25C/CDC20/CDC6/CCNE2/CCNE1",14
"GO:0007127","GO:0007127","meiosis I","14/387","131/18888",5.07261210916827e-07,1.96681382913215e-05,1.70426555507162e-05,"PTTG1/NDC80/MND1/TOP2A/RAD51AP1/AURKA/ZWINT/CCNB2/TRIP13/KNL1/RAD51/EME1/CCNE2/CCNE1",14
"GO:0065004","GO:0065004","protein-DNA complex assembly","19/387","240/18888",5.68788921755232e-07,2.18287258645044e-05,1.89148281606251e-05,"DLGAP5/GMNN/CENPA/CENPW/ITGB3BP/CENPF/CENPE/MCM2/HJURP/CENPK/CDC45/RAD51/ASF1B/CENPH/CENPI/KNTC1/ESR1/H4C5/H2BC8",19
"GO:0071276","GO:0071276","cellular response to cadmium ion","8/387","37/18888",6.63327958418458e-07,2.51997621374931e-05,2.18358677221004e-05,"MT1DP/CYP1A2/MT1B/MT1HL1/MT1M/MT1A/MT1F/MT1X",8
"GO:0071280","GO:0071280","cellular response to copper ion","7/387","26/18888",6.74944403686276e-07,2.53846590226408e-05,2.19960828822391e-05,"MT1DP/MT1B/MT1HL1/MT1M/MT1A/MT1F/MT1X",7
"GO:0000086","GO:0000086","G2/M transition of mitotic cell cycle","14/387","136/18888",8.0293451509151e-07,2.96882165897061e-05,2.57251622781539e-05,"DTL/MELK/CDK1/AURKA/CCNB1/CENPF/CCNA2/FOXM1/CDC25C/CHEK1/AURKB/CDC6/KDM8/BLM",14
"GO:0031055","GO:0031055","chromatin remodeling at centromere","5/387","10/18888",8.14898801302417e-07,2.96882165897061e-05,2.57251622781539e-05,"CENPA/CENPW/ITGB3BP/HJURP/CENPI",5
"GO:0034080","GO:0034080","CENP-A containing chromatin assembly","5/387","10/18888",8.14898801302417e-07,2.96882165897061e-05,2.57251622781539e-05,"CENPA/CENPW/ITGB3BP/HJURP/CENPI",5
"GO:0046688","GO:0046688","response to copper ion","8/387","38/18888",8.2530538425802e-07,2.96882165897061e-05,2.57251622781539e-05,"CDK1/MT1DP/MT1B/MT1HL1/MT1M/MT1A/MT1F/MT1X",8
"GO:1901989","GO:1901989","positive regulation of cell cycle phase transition","13/387","117/18888",8.28838804019978e-07,2.96882165897061e-05,2.57251622781539e-05,"UBE2C/DLGAP5/RRM2/DTL/CDK1/CCNB1/CDCA5/STIL/CDC25C/CDC20/CDC6/CCNE2/CCNE1",13
"GO:0051984","GO:0051984","positive regulation of chromosome segregation","7/387","27/18888",8.95203946971192e-07,3.17628494769684e-05,2.75228542186972e-05,"CDCA8/CDK1/CCNB1/NCAPG/NCAPH/AURKB/CDC6",7
"GO:1905820","GO:1905820","positive regulation of chromosome separation","7/387","29/18888",1.51873662623432e-06,5.3382882722124e-05,4.62568479569252e-05,"CDCA8/UBE2C/DLGAP5/NCAPG/NCAPH/CDC20/AURKB",7
"GO:0051656","GO:0051656","establishment of organelle localization","27/387","472/18888",1.73376292647426e-06,6.03766885784231e-05,5.2317056728697e-05,"NDC80/CDCA8/RACGAP1/SKA1/SPDL1/NEK2/SPC25/CCNB1/ZWINT/CENPA/CDCA5/CENPF/CENPE/ECT2/NUF2/KNL1/SKA3/NUSAP1/MAD2L1/KIF18A/KIFC1/KIF2C/SGO1/AURKB/KNTC1/NR4A3/IL13RA2",27
"GO:0090307","GO:0090307","mitotic spindle assembly","10/387","73/18888",2.28662814300473e-06,7.88991600535851e-05,6.83669795339704e-05,"CDCA8/RACGAP1/PRC1/KIF4A/NEK2/KIF11/KIF23/KIFC1/CDC20/AURKB",10
"GO:0048144","GO:0048144","fibroblast proliferation","12/387","110/18888",2.66836857919278e-06,9.10283308787068e-05,7.88770378540076e-05,"CDK1/CCNB1/CCNA2/SFRP1/E2F8/CDC6/NGFR/KDM8/E2F1/IGF1/ESR1/PDGFRA",12
"GO:1901976","GO:1901976","regulation of cell cycle checkpoint","8/387","44/18888",2.68655802380656e-06,9.10283308787068e-05,7.88770378540076e-05,"NDC80/CDCA8/CCNB1/ZWINT/KNL1/MAD2L1/RAD51/AURKB",8
"GO:0006268","GO:0006268","DNA unwinding involved in DNA replication","6/387","21/18888",2.97645871297271e-06,9.81970282411435e-05,8.50887920162835e-05,"MCM2/CDC45/RAD51/GINS2/MCM6/BLM",6
"GO:0090266","GO:0090266","regulation of mitotic cell cycle spindle assembly checkpoint","6/387","21/18888",2.97645871297271e-06,9.81970282411435e-05,8.50887920162835e-05,"NDC80/CDCA8/CCNB1/KNL1/MAD2L1/AURKB",6
"GO:1903504","GO:1903504","regulation of mitotic spindle checkpoint","6/387","21/18888",2.97645871297271e-06,9.81970282411435e-05,8.50887920162835e-05,"NDC80/CDCA8/CCNB1/KNL1/MAD2L1/AURKB",6
"GO:0032465","GO:0032465","regulation of cytokinesis","11/387","93/18888",3.14068442818303e-06,0.000102714035951273,8.9002828280592e-05,"CDCA8/RACGAP1/PRC1/KIF20A/AURKA/ECT2/KIF23/E2F7/E2F8/AURKB/CDC6",11
"GO:0044786","GO:0044786","cell cycle DNA replication","8/387","45/18888",3.20953625911137e-06,0.000104060912676878,9.01699115989909e-05,"GMNN/MCM2/CDC45/RAD51/E2F7/E2F8/MCM6/BLM",8
"GO:0046686","GO:0046686","response to cadmium ion","9/387","60/18888",3.40678772023264e-06,0.00010951221039141,9.48935203044558e-05,"CDK1/MT1DP/CYP1A2/MT1B/MT1HL1/MT1M/MT1A/MT1F/MT1X",9
"GO:0071248","GO:0071248","cellular response to metal ion","16/387","200/18888",3.89030111985429e-06,0.000123995106031966,0.000107443106753514,"MT1DP/SYT9/ECT2/CYP1A2/MT1B/MT1HL1/CRHBP/FOSB/MT1M/ADCY1/MT1A/MT1F/MT1X/ANK3/PTGS2/NQO1",16
"GO:0090232","GO:0090232","positive regulation of spindle checkpoint","5/387","13/18888",3.95539985788962e-06,0.000125010578701873,0.000108323024856491,"NDC80/CDCA8/KNL1/MAD2L1/AURKB",5
"GO:0006882","GO:0006882","intracellular zinc ion homeostasis","7/387","36/18888",7.17848397798076e-06,0.00022498565200988,0.000194952512244109,"MT1DP/MT1B/MT1HL1/MT1M/MT1A/MT1F/MT1X",7
"GO:0006302","GO:0006302","double-strand break repair","20/387","312/18888",7.48028836221962e-06,0.000231445418303742,0.000200549969931956,"RAD51AP1/CDCA5/MSH2/TRIP13/MCM2/CDC45/RAD51/FOXM1/RMI2/POLQ/PARPBP/EME1/CHEK1/MCM8/MMS22L/GINS2/MCM6/ESCO2/BLM/DPF3",20
"GO:0006310","GO:0006310","DNA recombination","21/387","339/18888",7.50766844803416e-06,0.000231445418303742,0.000200549969931956,"MND1/TOP2A/RAD51AP1/MSH2/TRIP13/MCM2/EXO1/CDC45/RAD51/RMI2/POLQ/PARPBP/EME1/CHEK1/MCM8/MMS22L/GINS2/MCM6/BLM/TNFSF4/LEF1",21
"GO:0071900","GO:0071900","regulation of protein serine/threonine kinase activity","18/387","267/18888",1.08103860199189e-05,0.000330551722121259,0.000286426659115694,"CDKN3/CCNB1/CCNB2/CDKN2C/CDKN2A/CCNA2/CDKN2B/CDC25C/CDC6/CCNE2/CCNE1/THY1/DIRAS3/GHR/NTF3/PRKAR2B/BLM/TENM1",18
"GO:0051445","GO:0051445","regulation of meiotic cell cycle","9/387","69/18888",1.11038817515412e-05,0.000336787897318923,0.000291830372689063,"ASPM/TTK/RAD51AP1/ZWINT/TRIP13/KNL1/CDC25C/CDC20/FBXO43",9
"GO:0007143","GO:0007143","female meiotic nuclear division","7/387","39/18888",1.2545196436226e-05,0.000377459870373169,0.000327073079297312,"NDC80/TOP2A/TTK/AURKA/CCNB2/TRIP13/NCAPH",7
"GO:0048146","GO:0048146","positive regulation of fibroblast proliferation","8/387","54/18888",1.31918956448558e-05,0.000393767615240498,0.000341203917430857,"CCNB1/CCNA2/CDC6/NGFR/E2F1/IGF1/ESR1/PDGFRA",8
"GO:0051782","GO:0051782","negative regulation of cell division","5/387","17/18888",1.77727582751815e-05,0.000526325542306753,0.000456066801657372,"ASPM/E2F7/E2F8/AURKB/BLM",5
"GO:0031570","GO:0031570","DNA integrity checkpoint signaling","12/387","134/18888",2.05790016562956e-05,0.000604668947104122,0.000523952213222788,"DTL/CDK1/MSH2/CDC45/RAD51/E2F7/EME1/CHEK1/CDC6/GTSE1/E2F1/BLM",12
"GO:0006910","GO:0006910","phagocytosis, recognition","6/387","29/18888",2.26808597300111e-05,0.000661261344531565,0.00057299014054765,"COLEC10/FCN2/FCN3/CFP/TREM2/COLEC12",6
"GO:1901970","GO:1901970","positive regulation of mitotic sister chromatid separation","5/387","18/18888",2.4195843834104e-05,0.000700004374308192,0.00060656139684523,"CDCA8/UBE2C/DLGAP5/CDC20/AURKB",5
"GO:0045840","GO:0045840","positive regulation of mitotic nuclear division","7/387","44/18888",2.86207734608695e-05,0.000821700221269697,0.000712012170629587,"UBE2C/DLGAP5/AURKA/NUSAP1/CDC20/IGF1/HOXA13",7
"GO:0071168","GO:0071168","protein localization to chromatin","8/387","60/18888",2.91488929285979e-05,0.00083052262351861,0.000719656878045765,"CENPA/MSH2/MCM8/MMS22L/ESCO2/ESR1/H4C5/LEF1",8
"GO:0051447","GO:0051447","negative regulation of meiotic cell cycle","5/387","19/18888",3.22869184977442e-05,0.000900635994471242,0.000780410875854117,"TTK/ZWINT/TRIP13/KNL1/FBXO43",5
"GO:1901978","GO:1901978","positive regulation of cell cycle checkpoint","5/387","19/18888",3.22869184977442e-05,0.000900635994471242,0.000780410875854117,"NDC80/CDCA8/KNL1/MAD2L1/AURKB",5
"GO:0007292","GO:0007292","female gamete generation","13/387","163/18888",3.23280668050034e-05,0.000900635994471242,0.000780410875854117,"NDC80/ASPM/TOP2A/TTK/AURKA/CCNB2/TRIP13/FOSL1/NCAPH/TDRKH/MDK/MCM8/IGF1",13
"GO:0051785","GO:0051785","positive regulation of nuclear division","8/387","61/18888",3.29562781476343e-05,0.000900681022445214,0.000780449893082854,"UBE2C/DLGAP5/RAD51AP1/AURKA/NUSAP1/CDC20/IGF1/HOXA13",8
"GO:0033313","GO:0033313","meiotic cell cycle checkpoint signaling","4/387","10/18888",3.30481204725976e-05,0.000900681022445214,0.000780449893082854,"TTK/ZWINT/TRIP13/KNL1",4
"GO:0051307","GO:0051307","meiotic chromosome separation","4/387","10/18888",3.30481204725976e-05,0.000900681022445214,0.000780449893082854,"TTK/ZWINT/KNL1/NCAPH",4
"GO:0032508","GO:0032508","DNA duplex unwinding","9/387","79/18888",3.36824453458706e-05,0.000911364582344024,0.000789707313826698,"TOP2A/MCM2/CDC45/RAD51/POLQ/MCM8/GINS2/MCM6/BLM",9
"GO:0045835","GO:0045835","negative regulation of meiotic nuclear division","4/387","11/18888",5.10934168814363e-05,0.00136285348149704,0.00118092735098863,"ZWINT/TRIP13/KNL1/FBXO43",4
"GO:1903027","GO:1903027","regulation of opsonization","4/387","11/18888",5.10934168814363e-05,0.00136285348149704,0.00118092735098863,"COLEC10/FCN2/FCN3/CFP",4
"GO:0010389","GO:0010389","regulation of G2/M transition of mitotic cell cycle","10/387","104/18888",5.47360278087728e-05,0.00144973380696334,0.00125621009707902,"DTL/CDK1/AURKA/CCNB1/CENPF/CDC25C/CHEK1/AURKB/CDC6/BLM",10
"GO:0032392","GO:0032392","DNA geometric change","9/387","85/18888",6.04942126294794e-05,0.0015910400958005,0.00137865353184298,"TOP2A/MCM2/CDC45/RAD51/POLQ/MCM8/GINS2/MCM6/BLM",9
"GO:0006275","GO:0006275","regulation of DNA replication","11/387","128/18888",6.6203985782515e-05,0.00172911937866694,0.00149830073086744,"GMNN/CDK1/MCM2/CCNA2/E2F7/E2F8/CDC6/MCM6/ESCO2/BLM/GMNC",11
"GO:0000724","GO:0000724","double-strand break repair via homologous recombination","13/387","176/18888",7.16517221115455e-05,0.00185849742663119,0.00161040821529833,"RAD51AP1/MCM2/CDC45/RAD51/RMI2/POLQ/PARPBP/CHEK1/MCM8/MMS22L/GINS2/MCM6/BLM",13
"GO:0000727","GO:0000727","double-strand break repair via break-induced replication","4/387","12/18888",7.54022770660241e-05,0.00190327492647864,0.00164920840548506,"MCM2/CDC45/GINS2/MCM6",4
"GO:0090267","GO:0090267","positive regulation of mitotic cell cycle spindle assembly checkpoint","4/387","12/18888",7.54022770660241e-05,0.00190327492647864,0.00164920840548506,"NDC80/CDCA8/MAD2L1/AURKB",4
"GO:0090306","GO:0090306","meiotic spindle assembly","4/387","12/18888",7.54022770660241e-05,0.00190327492647864,0.00164920840548506,"NDC80/ASPM/AURKA/CCNB2",4
"GO:1901993","GO:1901993","regulation of meiotic cell cycle phase transition","4/387","12/18888",7.54022770660241e-05,0.00190327492647864,0.00164920840548506,"TTK/ZWINT/KNL1/CDC25C",4
"GO:0010043","GO:0010043","response to zinc ion","7/387","51/18888",7.64558825078689e-05,0.00191700382741397,0.00166110464732886,"MT1DP/MT1B/MT1HL1/MT1M/MT1A/MT1F/MT1X",7
"GO:0044774","GO:0044774","mitotic DNA integrity checkpoint signaling","9/387","88/18888",7.9543401260226e-05,0.0019812101466206,0.00171674012061108,"DTL/CDK1/MSH2/E2F7/EME1/CHEK1/CDC6/GTSE1/BLM",9
"GO:0040020","GO:0040020","regulation of meiotic nuclear division","6/387","36/18888",8.23986107466173e-05,0.00203882351985544,0.00176666273456736,"RAD51AP1/ZWINT/TRIP13/KNL1/CDC20/FBXO43",6
"GO:0001701","GO:0001701","in utero embryonic development","21/387","401/18888",8.87034972446732e-05,0.00218048270024324,0.00188941195369459,"PTH1R/RRM2/NEK2/CCNB1/CCNB2/MSH2/STIL/FOSL1/RSPO3/E2F7/ASF1B/CHEK1/E2F8/PLK4/FLVCR1/KDM8/HAND2/IGF1/LEF1/AR/PDGFRA",21
"GO:0048145","GO:0048145","regulation of fibroblast proliferation","9/387","90/18888",9.48572761855704e-05,0.00231244962462573,0.00200376272767356,"CCNB1/CCNA2/SFRP1/CDC6/NGFR/E2F1/IGF1/ESR1/PDGFRA",9
"GO:0000725","GO:0000725","recombinational repair","13/387","181/18888",9.53016994993321e-05,0.00231244962462573,0.00200376272767356,"RAD51AP1/MCM2/CDC45/RAD51/RMI2/POLQ/PARPBP/CHEK1/MCM8/MMS22L/GINS2/MCM6/BLM",13
"GO:0000082","GO:0000082","G1/S transition of mitotic cell cycle","15/387","234/18888",0.000102810983032951,0.00247866735376237,0.00214779219615396,"RRM2/CDKN3/CDK1/CDKN2C/CDKN2A/CCNA2/STIL/E2F7/CDKN2B/CDC6/CCNE2/CCNE1/GTSE1/E2F1/DPF3",15
"GO:0007144","GO:0007144","female meiosis I","4/387","13/18888",0.000107156444714084,0.00256697699725904,0.00222431346184917,"NDC80/AURKA/CCNB2/TRIP13",4
"GO:0071103","GO:0071103","DNA conformation change","9/387","92/18888",0.000112570055503891,0.00267959480221604,0.00232189801359125,"TOP2A/MCM2/CDC45/RAD51/POLQ/MCM8/GINS2/MCM6/BLM",9
"GO:0045859","GO:0045859","regulation of protein kinase activity","23/387","470/18888",0.000114672015419466,0.00271246194963907,0.00235037775397992,"CDKN3/CCNB1/CCNB2/CDKN2C/CDKN2A/CENPE/ECT2/CCNA2/CDKN2B/CDC25C/CDC6/CCNE2/CCNE1/THY1/DIRAS3/GHR/NTF3/PRKAR2B/BLM/TENM1/IGF1/CALCA/NRG1",23
"GO:0051781","GO:0051781","positive regulation of cell division","9/387","94/18888",0.000132970850014905,0.00312564604316287,0.00270840626082991,"CDCA8/RACGAP1/ECT2/KIF23/GAREM1/MDK/AURKB/CDC6/THBS4",9
"GO:1902749","GO:1902749","regulation of cell cycle G2/M phase transition","10/387","116/18888",0.000137694287311953,0.00321657276136804,0.00278719525019814,"DTL/CDK1/AURKA/CCNB1/CENPF/CDC25C/CHEK1/AURKB/CDC6/BLM",10
"GO:2000241","GO:2000241","regulation of reproductive process","14/387","214/18888",0.000140498344615966,0.00326181650679413,0.00282639944724517,"ASPM/TTK/RAD51AP1/AURKA/ZWINT/TRIP13/KNL1/SFRP1/CDC25C/CDC20/FBXO43/IGF1/ESR1/AR",14
"GO:0007100","GO:0007100","mitotic centrosome separation","4/387","14/18888",0.000147599225566656,0.00340564838868831,0.00295103133583705,"NEK2/AURKA/KIF11/CHEK1",4
"GO:0045005","GO:0045005","DNA-templated DNA replication maintenance of fidelity","7/387","57/18888",0.0001571454029917,0.00360380402836454,0.00312273535084919,"RAD51/POLQ/EME1/MCM8/MMS22L/TRAIP/BLM",7
"GO:0010038","GO:0010038","response to metal ion","19/387","360/18888",0.000172713581475488,0.00393682290866249,0.00341129982933404,"CDK1/ADAMTS13/MT1DP/SYT9/ECT2/CYP1A2/MT1B/MT1HL1/CRHBP/FOSB/MT1M/HAMP/ADCY1/MT1A/MT1F/MT1X/ANK3/PTGS2/NQO1",19
"GO:0033260","GO:0033260","nuclear DNA replication","6/387","41/18888",0.0001744909995534,0.0039533774055442,0.00342564448076935,"GMNN/MCM2/CDC45/RAD51/MCM6/BLM",6
"GO:0007062","GO:0007062","sister chromatid cohesion","7/387","59/18888",0.000195786120644081,0.0044092910164215,0.00382069857872093,"BUB1/CDCA5/BUB1B/SGO2/SGO1/CDC20/ESCO2",7
"GO:0051299","GO:0051299","centrosome separation","4/387","15/18888",0.000198027349153836,0.00443321940575939,0.00384143278809697,"NEK2/AURKA/KIF11/CHEK1",4
"GO:0032506","GO:0032506","cytokinetic process","6/387","43/18888",0.000228569799755877,0.00508669240758494,0.00440767424505884,"ANLN/RACGAP1/CEP55/KIF20A/ECT2/AURKB",6
"GO:0000077","GO:0000077","DNA damage checkpoint signaling","10/387","125/18888",0.000254496905726843,0.00563036977905091,0.00487877659523409,"DTL/CDK1/MSH2/RAD51/E2F7/EME1/CHEK1/GTSE1/E2F1/BLM",10
"GO:0030261","GO:0030261","chromosome condensation","6/387","45/18888",0.000295038992152936,0.00648913245314148,0.00562290378396731,"TOP2A/CDK1/CDCA5/NCAPG/NUSAP1/NCAPH",6
"GO:0097305","GO:0097305","response to alcohol","15/387","259/18888",0.000310887379236659,0.00679795019365741,0.00589049771185249,"DBH/CDK1/FOSL1/RAD51/CRHBP/AVPR1A/FOSB/SFRP1/TBXA2R/ADCY1/BLM/TNFSF4/PCK1/CFTR/NQO1",15
"GO:0044773","GO:0044773","mitotic DNA damage checkpoint signaling","8/387","84/18888",0.000324218427889097,0.00704847114040978,0.00610757683446695,"DTL/CDK1/MSH2/E2F7/EME1/CHEK1/GTSE1/BLM",8
"GO:0008228","GO:0008228","opsonization","4/387","17/18888",0.000334248078333734,0.00718346870064672,0.00622455368734582,"COLEC10/FCN2/FCN3/CFP",4
"GO:1902969","GO:1902969","mitotic DNA replication","4/387","17/18888",0.000334248078333734,0.00718346870064672,0.00622455368734582,"MCM2/CDC45/RAD51/MCM6",4
"GO:0044843","GO:0044843","cell cycle G1/S phase transition","15/387","262/18888",0.000351328399904884,0.00750764836387653,0.00650545888819092,"RRM2/CDKN3/CDK1/CDKN2C/CDKN2A/CCNA2/STIL/E2F7/CDKN2B/CDC6/CCNE2/CCNE1/GTSE1/E2F1/DPF3",15
"GO:0009410","GO:0009410","response to xenobiotic stimulus","21/387","444/18888",0.000356164898618056,0.00756800103786727,0.00655775513601844,"CDK1/CENPF/CYP1A2/FOSL1/CRHBP/FOSB/SFRP1/CYP26A1/TBXA2R/CYP2C19/GSTA4/ADCY1/E2F1/ADRA1A/NAT2/PTGS2/SRD5A2/SLCO1B3/NQO1/SULT1B1/GLYAT",21
"GO:0032467","GO:0032467","positive regulation of cytokinesis","6/387","47/18888",0.000375790858909694,0.00794016528291774,0.0068802394984294,"CDCA8/RACGAP1/ECT2/KIF23/AURKB/CDC6",6
"GO:0007064","GO:0007064","mitotic sister chromatid cohesion","5/387","31/18888",0.000385427023949224,0.00809827395012866,0.00701724237663509,"BUB1/CDCA5/SGO1/CDC20/ESCO2",5
"GO:0050673","GO:0050673","epithelial cell proliferation","22/387","482/18888",0.000421795435278344,0.00873780381962204,0.00757140195791988,"DBH/BMPER/ITGB3BP/ECM1/MDK/SFRP1/CDKN2B/HGF/NGFR/THBS4/GPC3/PROK2/ATOH8/CD109/NR4A3/APLN/EGR3/IGF1/CXCL12/ESR1/SIX4/AR",22
"GO:0090329","GO:0090329","regulation of DNA-templated DNA replication","6/387","48/18888",0.00042215304697574,0.00873780381962204,0.00757140195791988,"GMNN/MCM2/E2F7/E2F8/MCM6/BLM",6
"GO:0007096","GO:0007096","regulation of exit from mitosis","4/387","18/18888",0.000422834431047916,0.00873780381962204,0.00757140195791988,"ANLN/UBE2C/CDCA5/KNTC1",4
"GO:0006956","GO:0006956","complement activation","7/387","67/18888",0.000433877070687098,0.00886854164594661,0.00768468770507584,"COLEC10/FCN2/FCN3/CFP/TREM2/C7/CFHR3",7
"GO:0045143","GO:0045143","homologous chromosome segregation","7/387","67/18888",0.000433877070687098,0.00886854164594661,0.00768468770507584,"PTTG1/MND1/ZWINT/TRIP13/KNL1/CCNE2/CCNE1",7
"GO:2000045","GO:2000045","regulation of G1/S transition of mitotic cell cycle","12/387","185/18888",0.000448307926526608,0.00911397898198147,0.00789736182376318,"RRM2/CDKN2C/CDKN2A/STIL/E2F7/CDKN2B/CDC6/CCNE2/CCNE1/GTSE1/E2F1/DPF3",12
"GO:0034764","GO:0034764","positive regulation of transmembrane transport","13/387","213/18888",0.000470929108172535,0.00951029361905396,0.00824077276328834,"PLP1/LRRC55/SLC17A8/THY1/GPC3/TREM2/NR4A3/ITLN1/ANK3/IGF1/CLTRN/CFTR/CXCL9",13
"GO:0031297","GO:0031297","replication fork processing","6/387","49/18888",0.000472859587014914,0.00951029361905396,0.00824077276328834,"RAD51/POLQ/EME1/MMS22L/TRAIP/BLM",6
"GO:0045907","GO:0045907","positive regulation of vasoconstriction","5/387","33/18888",0.000520596586679253,0.0104147008643653,0.00902445146897517,"DBH/AVPR1A/TBXA2R/ADRA1A/PTGS2",5
"GO:0000212","GO:0000212","meiotic spindle organization","4/387","19/18888",0.000526980434394629,0.01043143901978,0.00903895526252505,"NDC80/ASPM/AURKA/CCNB2",4
"GO:0007076","GO:0007076","mitotic chromosome condensation","4/387","19/18888",0.000526980434394629,0.01043143901978,0.00903895526252505,"CDCA5/NCAPG/NUSAP1/NCAPH",4
"GO:1901654","GO:1901654","response to ketone","13/387","217/18888",0.000561410093320625,0.0110547819946538,0.00957908872372916,"FOSL1/AVPR1A/FOSB/SFRP1/TBXA2R/ADCY1/TNFSF4/PCK1/SRD5A2/HOXA13/CFTR/AR/NQO1",13
"GO:0007098","GO:0007098","centrosome cycle","10/387","139/18888",0.0005939215142351,0.011634056328324,0.0100810362284642,"NDC80/NEK2/CDK1/AURKA/KIF11/STIL/SGO1/CHEK1/PLK4/CCDC102B",10
"GO:0071391","GO:0071391","cellular response to estrogen stimulus","4/387","20/18888",0.000648143510536311,0.0126304028141299,0.0109443812850855,"CRHBP/SFRP1/ESR1/AR",4
"GO:0006935","GO:0006935","chemotaxis","21/387","466/18888",0.000668094207642992,0.0129520737883778,0.0112231126796674,"COLEC10/CXCL14/CCL23/EPHB1/FOSL1/MDK/HGF/THBS4/NTF3/TREM2/PROK2/PLA2G7/EGR3/CXCL2/CXCL12/CALCA/CH25H/LEF1/NRG1/CXCL9/PDGFRA",21
"GO:0002040","GO:0002040","sprouting angiogenesis","12/387","194/18888",0.000684655212071899,0.0132050679620637,0.0114423348802947,"CCBE1/BMPER/RSPO3/ESM1/E2F7/TBXA2R/E2F8/NGFR/E2F2/EGR3/PTGS2/LEF1",12
"GO:0042330","GO:0042330","taxis","21/387","468/18888",0.000705659876645642,0.0135407489595115,0.0117332061122175,"COLEC10/CXCL14/CCL23/EPHB1/FOSL1/MDK/HGF/THBS4/NTF3/TREM2/PROK2/PLA2G7/EGR3/CXCL2/CXCL12/CALCA/CH25H/LEF1/NRG1/CXCL9/PDGFRA",21
"GO:0060688","GO:0060688","regulation of morphogenesis of a branching structure","6/387","53/18888",0.000724766785630339,0.0138367912728716,0.0119897299936496,"MDK/SFRP1/HGF/ESR1/SIX4/AR",6
"GO:0046661","GO:0046661","male sex differentiation","11/387","173/18888",0.000904586472913785,0.0171825743668118,0.014888887401069,"ASPM/MSH2/KIF18A/SFRP1/ESR1/SRD5A2/HOXA13/SIX4/GFRA1/AR/PDGFRA",11
"GO:0044837","GO:0044837","actomyosin contractile ring organization","3/387","10/18888",0.000920181207988377,0.0173909624283632,0.0150694579208253,"ANLN/RACGAP1/ECT2",3
"GO:0009636","GO:0009636","response to toxic substance","14/387","260/18888",0.00099689256352764,0.0187465646571373,0.0162441019825346,"CDK1/ADAMTS13/MT1DP/MT1B/MT1HL1/MT1M/MT1A/MT1F/INMT/MT1X/PTGS2/NQO1/ADH4/GLYAT",14
"GO:0071392","GO:0071392","cellular response to estradiol stimulus","5/387","38/18888",0.00101250817149581,0.0189315466120898,0.0164043908565835,"CCNA2/CRHBP/KIF18A/SFRP1/ESR1",5
"GO:0008584","GO:0008584","male gonad development","10/387","149/18888",0.00101679670716356,0.0189315466120898,0.0164043908565835,"ASPM/MSH2/KIF18A/SFRP1/ESR1/SRD5A2/SIX4/GFRA1/AR/PDGFRA",10
"GO:0048732","GO:0048732","gland development","20/387","449/18888",0.00102660636728044,0.0190200322529149,0.0164810646258762,"AURKA/CCNB2/IGSF3/E2F7/MDK/SFRP1/CDKN2B/E2F8/HGF/HAND2/APLN/SOCS2/ESR1/PCK1/HOXA13/SIX4/LEF1/NRG1/AR/PDGFRA",20
"GO:0046546","GO:0046546","development of primary male sexual characteristics","10/387","150/18888",0.00107003242058195,0.0197274114402387,0.017094016378337,"ASPM/MSH2/KIF18A/SFRP1/ESR1/SRD5A2/SIX4/GFRA1/AR/PDGFRA",10
"GO:0046597","GO:0046597","negative regulation of viral entry into host cell","4/387","23/18888",0.00112848392561177,0.0207035514352481,0.0179398522911119,"FCN3/TRIM59/LY6E/CH25H",4
"GO:0051954","GO:0051954","positive regulation of amine transport","5/387","39/18888",0.00114213357350807,0.0207515186954775,0.0179814164433306,"AVPR1A/SLC17A8/CXCL12/CLTRN/KMO",5
"GO:0071312","GO:0071312","cellular response to alkaloid","5/387","39/18888",0.00114213357350807,0.0207515186954775,0.0179814164433306,"CCNA2/RAD51/CRHBP/CHEK1/BLM",5
"GO:0006805","GO:0006805","xenobiotic metabolic process","9/387","126/18888",0.00116181969380171,0.0210077109057127,0.0182034097773791,"CYP1A2/CYP26A1/CYP2C19/GSTA4/NAT2/SLCO1B3/NQO1/SULT1B1/GLYAT",9
"GO:0031023","GO:0031023","microtubule organizing center organization","10/387","152/18888",0.0011833509014608,0.0212946542602587,0.0184520493121261,"NDC80/NEK2/CDK1/AURKA/KIF11/STIL/SGO1/CHEK1/PLK4/CCDC102B",10
"GO:0001867","GO:0001867","complement activation, lectin pathway","3/387","11/18888",0.00124608912965348,0.0221063264935223,0.0191553721221806,"COLEC10/FCN2/FCN3",3
"GO:0051987","GO:0051987","positive regulation of attachment of spindle microtubules to kinetochore","3/387","11/18888",0.00124608912965348,0.0221063264935223,0.0191553721221806,"CDCA8/CCNB1/AURKB",3
"GO:0070601","GO:0070601","centromeric sister chromatid cohesion","3/387","11/18888",0.00124608912965348,0.0221063264935223,0.0191553721221806,"BUB1/BUB1B/SGO1",3
"GO:0040001","GO:0040001","establishment of mitotic spindle localization","5/387","40/18888",0.00128364604428629,0.0226656937678908,0.0196400699437131,"NDC80/SPDL1/CENPA/NUSAP1/MAD2L1",5
"GO:0030539","GO:0030539","male genitalia development","4/387","24/18888",0.00133248692958251,0.023309224847255,0.0201976966168297,"SRD5A2/HOXA13/AR/PDGFRA",4
"GO:0051957","GO:0051957","positive regulation of amino acid transport","4/387","24/18888",0.00133248692958251,0.023309224847255,0.0201976966168297,"AVPR1A/SLC17A8/CLTRN/KMO",4
"GO:0019233","GO:0019233","sensory perception of pain","7/387","81/18888",0.00135891107898938,0.023661410037403,0.0205028689110678,"EPHB1/PROK2/NPY1R/CXCL12/CHRNA4/RETREG1/CALCA",7
"GO:0007131","GO:0007131","reciprocal meiotic recombination","6/387","60/18888",0.00140186107378803,0.0241853188005356,0.0209568415473092,"MND1/TOP2A/RAD51AP1/TRIP13/RAD51/EME1",6
"GO:0140527","GO:0140527","reciprocal homologous recombination","6/387","60/18888",0.00140186107378803,0.0241853188005356,0.0209568415473092,"MND1/TOP2A/RAD51AP1/TRIP13/RAD51/EME1",6
"GO:1902806","GO:1902806","regulation of cell cycle G1/S phase transition","12/387","211/18888",0.00141723911449455,0.0243389785827123,0.0210899894182895,"RRM2/CDKN2C/CDKN2A/STIL/E2F7/CDKN2B/CDC6/CCNE2/CCNE1/GTSE1/E2F1/DPF3",12
"GO:0036297","GO:0036297","interstrand cross-link repair","5/387","41/18888",0.00143769535605475,0.024578055609645,0.0212971522600263,"RAD51AP1/RAD51/MCM8/FANCI/NEIL3",5
"GO:0098754","GO:0098754","detoxification","10/387","158/18888",0.00158338388104089,0.0269461845094786,0.0233491616846992,"MT1DP/MT1B/MT1HL1/MT1M/MT1A/MT1F/MT1X/PTGS2/NQO1/ADH4",10
"GO:0002691","GO:0002691","regulation of cellular extravasation","5/387","42/18888",0.00160493875161126,0.027131950126053,0.023510129610059,"CHST4/MDK/THY1/LYVE1/CXCL12",5
"GO:0000018","GO:0000018","regulation of DNA recombination","9/387","132/18888",0.00160872769957719,0.027131950126053,0.023510129610059,"RAD51AP1/MSH2/RAD51/RMI2/POLQ/PARPBP/CHEK1/BLM/TNFSF4",9
"GO:0060442","GO:0060442","branching involved in prostate gland morphogenesis","3/387","12/18888",0.00163631808051596,0.0273519657814246,0.0237007755662101,"SFRP1/ESR1/HOXA13",3
"GO:0060707","GO:0060707","trophoblast giant cell differentiation","3/387","12/18888",0.00163631808051596,0.0273519657814246,0.0237007755662101,"E2F7/E2F8/PLK4",3
"GO:0051653","GO:0051653","spindle localization","6/387","62/18888",0.00166348498654483,0.0276830399751996,0.0239876549526912,"NDC80/ASPM/SPDL1/CENPA/NUSAP1/MAD2L1",6
"GO:1901890","GO:1901890","positive regulation of cell junction assembly","8/387","108/18888",0.00171335842191372,0.0283874053956719,0.0245979952434263,"SLITRK6/SLITRK3/NTRK2/EPHB1/SLITRK2/SFRP1/THY1/IL1RAP",8
"GO:0042770","GO:0042770","signal transduction in response to DNA damage","11/387","188/18888",0.00176797631103529,0.0291638548500164,0.0252707971328036,"DTL/CDK1/MSH2/RAD51/FOXM1/E2F7/EME1/CHEK1/GTSE1/E2F1/BLM",11
"GO:0051965","GO:0051965","positive regulation of synapse assembly","6/387","63/18888",0.00180742662929081,0.0295537958475959,0.0256086852444498,"SLITRK6/SLITRK3/NTRK2/EPHB1/SLITRK2/IL1RAP",6
"GO:0016048","GO:0016048","detection of temperature stimulus","4/387","26/18888",0.00181518926902278,0.0295537958475959,0.0256086852444498,"EPHB1/NGFR/CXCL12/CALCA",4
"GO:0060740","GO:0060740","prostate gland epithelium morphogenesis","4/387","26/18888",0.00181518926902278,0.0295537958475959,0.0256086852444498,"SFRP1/ESR1/HOXA13/AR",4
"GO:0061138","GO:0061138","morphogenesis of a branching epithelium","11/387","189/18888",0.00184367386474703,0.0298881784711792,0.0258984314213103,"HHIP/RSPO3/MDK/SFRP1/HGF/GPC3/ESR1/HOXA13/SIX4/LEF1/AR",11
"GO:0050678","GO:0050678","regulation of epithelial cell proliferation","18/387","407/18888",0.00194967877195347,0.0314709951129486,0.0272699592408762,"DBH/ITGB3BP/ECM1/MDK/SFRP1/CDKN2B/NGFR/THBS4/GPC3/ATOH8/CD109/NR4A3/APLN/EGR3/IGF1/CXCL12/SIX4/AR",18
"GO:0016446","GO:0016446","somatic hypermutation of immunoglobulin genes","3/387","13/18888",0.00209506657125652,0.0335578860646146,0.029078272927426,"MSH2/EXO1/POLQ",3
"GO:2000050","GO:2000050","regulation of non-canonical Wnt signaling pathway","4/387","27/18888",0.00209681021674673,0.0335578860646146,0.029078272927426,"RSPO3/SFRP1/SFRP5/GPC3",4
"GO:0070192","GO:0070192","chromosome organization involved in meiotic cell cycle","6/387","65/18888",0.00212341728245561,0.0336969299549179,0.0291987559692763,"MND1/TRIP13/RAD51/NCAPH/CCNE2/CCNE1",6
"GO:1905330","GO:1905330","regulation of morphogenesis of an epithelium","6/387","65/18888",0.00212341728245561,0.0336969299549179,0.0291987559692763,"MDK/SFRP1/HGF/ESR1/SIX4/AR",6
"GO:0033574","GO:0033574","response to testosterone","5/387","45/18888",0.00219249666648677,0.0346469746330115,0.0300219800063823,"TBXA2R/SRD5A2/HOXA13/AR/NQO1",5
"GO:0071466","GO:0071466","cellular response to xenobiotic stimulus","11/387","194/18888",0.00226283996808367,0.0356089586609318,0.0308555496198505,"CYP1A2/CRHBP/CYP26A1/CYP2C19/GSTA4/E2F1/NAT2/SLCO1B3/NQO1/SULT1B1/GLYAT",11
"GO:0010971","GO:0010971","positive regulation of G2/M transition of mitotic cell cycle","4/387","28/18888",0.00240720022024858,0.0374110744973344,0.0324171025745525,"DTL/CDK1/CCNB1/CDC25C",4
"GO:0060512","GO:0060512","prostate gland morphogenesis","4/387","28/18888",0.00240720022024858,0.0374110744973344,0.0324171025745525,"SFRP1/ESR1/HOXA13/AR",4
"GO:1903901","GO:1903901","negative regulation of viral life cycle","4/387","28/18888",0.00240720022024858,0.0374110744973344,0.0324171025745525,"FCN3/TRIM59/LY6E/CH25H",4
"GO:0007019","GO:0007019","microtubule depolymerization","5/387","46/18888",0.00241920287766875,0.0374428889831776,0.0324446701722436,"CKAP2/KIF18B/KIF18A/KIF2C/KIF24",5
"GO:0032355","GO:0032355","response to estradiol","8/387","115/18888",0.00254527836473028,0.0392327538104531,0.033995607494413,"CCNA2/CRHBP/KIF18A/SFRP1/SOCS2/PTGS2/ESR1/NQO1",8
"GO:0002566","GO:0002566","somatic diversification of immune receptors via somatic mutation","3/387","14/18888",0.00262619402917194,0.0398270796117568,0.0345105972594072,"MSH2/EXO1/POLQ",3
"GO:0045842","GO:0045842","positive regulation of mitotic metaphase/anaphase transition","3/387","14/18888",0.00262619402917194,0.0398270796117568,0.0345105972594072,"UBE2C/DLGAP5/CDC20",3
"GO:0051177","GO:0051177","meiotic sister chromatid cohesion","3/387","14/18888",0.00262619402917194,0.0398270796117568,0.0345105972594072,"BUB1/BUB1B/SGO2",3
"GO:0070365","GO:0070365","hepatocyte differentiation","3/387","14/18888",0.00262619402917194,0.0398270796117568,0.0345105972594072,"E2F7/E2F8/PCK1",3
"GO:0051053","GO:0051053","negative regulation of DNA metabolic process","9/387","142/18888",0.00265120634233412,0.0398986396113108,0.0345726047766183,"GMNN/MSH2/RMI2/POLQ/PARPBP/CHEK1/CDC6/BLM/GMNC",9
"GO:0048806","GO:0048806","genitalia development","5/387","47/18888",0.0026624662132353,0.0398986396113108,0.0345726047766183,"ESR1/SRD5A2/HOXA13/AR/PDGFRA",5
"GO:0010972","GO:0010972","negative regulation of G2/M transition of mitotic cell cycle","6/387","68/18888",0.00267334676470362,0.0398986396113108,0.0345726047766183,"DTL/CDK1/CHEK1/AURKB/CDC6/BLM",6
"GO:0035825","GO:0035825","homologous recombination","6/387","68/18888",0.00267334676470362,0.0398986396113108,0.0345726047766183,"MND1/TOP2A/RAD51AP1/TRIP13/RAD51/EME1",6
"GO:0060326","GO:0060326","cell chemotaxis","15/387","322/18888",0.00277846251920819,0.0413035475681501,0.0357899727874705,"CXCL14/CCL23/EPHB1/MDK/HGF/THBS4/PLA2G7/EGR3/CXCL2/CXCL12/CALCA/CH25H/LEF1/CXCL9/PDGFRA",15
"GO:0001935","GO:0001935","endothelial cell proliferation","11/387","202/18888",0.00309160603491337,0.0456496314578967,0.0395559017040956,"DBH/BMPER/ECM1/MDK/NGFR/THBS4/PROK2/ATOH8/APLN/EGR3/CXCL12",11
"GO:1902750","GO:1902750","negative regulation of cell cycle G2/M phase transition","6/387","70/18888",0.00309509599089701,0.0456496314578967,0.0395559017040956,"DTL/CDK1/CHEK1/AURKB/CDC6/BLM",6
"GO:0045987","GO:0045987","positive regulation of smooth muscle contraction","4/387","30/18888",0.00311993718154571,0.045836264608568,0.0397176213571773,"TBXA2R/PROK2/ADRA1A/PTGS2",4
"GO:0051952","GO:0051952","regulation of amine transport","7/387","94/18888",0.00319172977240963,0.0460613616083436,0.0399126703534703,"SYT9/AVPR1A/SLC17A8/CXCL12/CHRNA4/CLTRN/KMO",7
"GO:0010171","GO:0010171","body morphogenesis","5/387","49/18888",0.00320138912569354,0.0460613616083436,0.0399126703534703,"FLVCR1/GPC3/GREM2/LEF1/PDGFRA",5
"GO:0045910","GO:0045910","negative regulation of DNA recombination","5/387","49/18888",0.00320138912569354,0.0460613616083436,0.0399126703534703,"MSH2/RMI2/POLQ/PARPBP/BLM",5
"GO:0010457","GO:0010457","centriole-centriole cohesion","3/387","15/18888",0.00323323569917647,0.0460613616083436,0.0399126703534703,"NEK2/SGO1/CCDC102B",3
"GO:0030174","GO:0030174","regulation of DNA-templated DNA replication initiation","3/387","15/18888",0.00323323569917647,0.0460613616083436,0.0399126703534703,"GMNN/MCM2/MCM6",3
"GO:0070207","GO:0070207","protein homotrimerization","3/387","15/18888",0.00323323569917647,0.0460613616083436,0.0399126703534703,"SCARA5/ITLN1/STEAP4",3
"GO:1902101","GO:1902101","positive regulation of metaphase/anaphase transition of cell cycle","3/387","15/18888",0.00323323569917647,0.0460613616083436,0.0399126703534703,"UBE2C/DLGAP5/CDC20",3
"GO:2000052","GO:2000052","positive regulation of non-canonical Wnt signaling pathway","3/387","15/18888",0.00323323569917647,0.0460613616083436,0.0399126703534703,"RSPO3/SFRP1/GPC3",3
"GO:0035567","GO:0035567","non-canonical Wnt signaling pathway","6/387","71/18888",0.00332368541762877,0.0471712485120823,0.0408743994160027,"RSPO3/SFRP1/SFRP5/CTHRC1/GPC3/CELSR3",6
"GO:0048511","GO:0048511","rhythmic process","14/387","297/18888",0.00341500357202485,0.048285069302201,0.0418395372338304,"TOP2A/DTL/CDK1/NTRK2/MDK/NGFR/KDM8/ADCY1/PROK2/EGR3/ID1/ESR1/CA12/PDGFRA",14
"GO:0060071","GO:0060071","Wnt signaling pathway, planar cell polarity pathway","5/387","50/18888",0.00349841167168495,0.0490952473776384,0.0425415653398924,"RSPO3/SFRP1/CTHRC1/GPC3/CELSR3",5
"GO:0090102","GO:0090102","cochlea development","5/387","50/18888",0.00349841167168495,0.0490952473776384,0.0425415653398924,"SLITRK6/MCM2/CCNA2/SLC17A8/CTHRC1",5
"GO:0010458","GO:0010458","exit from mitosis","4/387","31/18888",0.00352504979748593,0.0491026381049799,0.0425479694854442,"ANLN/UBE2C/CDCA5/KNTC1",4
"GO:1902751","GO:1902751","positive regulation of cell cycle G2/M phase transition","4/387","31/18888",0.00352504979748593,0.0491026381049799,0.0425479694854442,"DTL/CDK1/CCNB1/CDC25C",4
"GO:0010569","GO:0010569","regulation of double-strand break repair via homologous recombination","6/387","72/18888",0.00356461319059446,0.0494705173794309,0.0428667408742686,"RAD51AP1/RAD51/RMI2/POLQ/PARPBP/CHEK1",6
"GO:0001763","GO:0001763","morphogenesis of a branching structure","11/387","206/18888",0.00358908460419122,0.0496270117513352,0.0430023449480496,"HHIP/RSPO3/MDK/SFRP1/HGF/GPC3/ESR1/HOXA13/SIX4/LEF1/AR",11
"GO:0072331","GO:0072331","signal transduction by p53 class mediator","10/387","177/18888",0.00362125118841116,0.0498883725993201,0.0432288169628724,"AURKA/MSH2/FOXM1/E2F7/CHEK1/AURKB/E2F2/KDM8/GTSE1/E2F1",10
